<?xml version="1.0" encoding="UTF-8"?>
<?xml-stylesheet type="text/xsl" href="http://lsst-sal.tuc.noao.edu/schema/SALCommandSet.xsl"?>
<SALCommandSet xmlns:xsi="http://www.w3.org/2001/XMLSchema-instance"
	xsi:noNamespaceSchemaLocation="http://lsst-sal.tuc.noao.edu/schema/SALCommandSet.xsd">
<SALCommand>
    <Subsystem>EXA</Subsystem>
    <Version>3.5.1</Version>
    <Author>aanania</Author>
    <EFDB_Topic>EXA_command_Enable</EFDB_Topic>
    <Alias>Enable</Alias>
    <Device></Device>
    <Property></Property>
    <Action></Action>
    <Value></Value>
    <Explanation>http://sal.lsst.org</Explanation>
    <item>
        <EFDB_Name>enable</EFDB_Name>
        <Description></Description>
        <IDL_Type>boolean</IDL_Type>
        <Units></Units>
        <Count>1</Count>
    </item>
</SALCommand>
<SALCommand>
    <Subsystem>EXA</Subsystem>
    <Version>3.5.1</Version>
    <Author>aanania</Author>
    <EFDB_Topic>EXA_command_ExitControl</EFDB_Topic>
    <Alias>ExitControl</Alias>
    <Device></Device>
    <Property></Property>
    <Action></Action>
    <Value></Value>
    <Explanation>http://sal.lsst.org</Explanation>
    <item>
        <EFDB_Name>exitControl</EFDB_Name>
        <Description></Description>
        <IDL_Type>boolean</IDL_Type>
        <Units></Units>
        <Count>1</Count>
    </item>
</SALCommand>
<SALCommand>
    <Subsystem>EXA</Subsystem>
    <Version>3.5.1</Version>
    <Author>aanania</Author>
    <EFDB_Topic>EXA_command_Start</EFDB_Topic>
    <Alias>Start</Alias>
    <Device></Device>
    <Property></Property>
    <Action></Action>
    <Value></Value>
    <Explanation>http://sal.lsst.org</Explanation>
    <item>
        <EFDB_Name>configure</EFDB_Name>
        <Description></Description>
        <IDL_Type>string</IDL_Type>
        <IDL_Size>64</IDL_Size>
        <Units></Units>
        <Count>1</Count>
    </item>
</SALCommand>
<SALCommand>
    <Subsystem>EXA</Subsystem>
    <Version>3.5.1</Version>
    <Author>aanania</Author>
    <EFDB_Topic>EXA_command_Standby</EFDB_Topic>
    <Alias>Standby</Alias>
    <Device></Device>
    <Property></Property>
    <Action></Action>
    <Value></Value>
    <Explanation>http://sal.lsst.org</Explanation>
    <item>
        <EFDB_Name>standby</EFDB_Name>
        <Description></Description>
        <IDL_Type>boolean</IDL_Type>
        <Units></Units>
        <Count>1</Count>
    </item>
</SALCommand>
<SALCommand>
    <Subsystem>EXA</Subsystem>
    <Version>3.5.1</Version>
    <Author>aanania</Author>
    <EFDB_Topic>EXA_command_Disable</EFDB_Topic>
    <Alias>Disable</Alias>
    <Device></Device>
    <Property></Property>
    <Action></Action>
    <Value></Value>
    <Explanation>http://sal.lsst.org</Explanation>
    <item>
        <EFDB_Name>disable</EFDB_Name>
        <Description></Description>
        <IDL_Type>boolean</IDL_Type>
        <Units></Units>
        <Count>1</Count>
    </item>
</SALCommand>
<SALCommand>
    <Subsystem>EXA</Subsystem>
    <Version>3.5.1</Version>
    <Author>aanania</Author>
    <EFDB_Topic>EXA_command_EnterControl</EFDB_Topic>
    <Alias>EnterControl</Alias>
    <Device></Device>
    <Property></Property>
    <Action></Action>
    <Value></Value>
    <Explanation>http://sal.lsst.org</Explanation>
    <item>
        <EFDB_Name>enterControl</EFDB_Name>
        <Description></Description>
        <IDL_Type>boolean</IDL_Type>
        <Units></Units>
        <Count>1</Count>
    </item>
</SALCommand></SALCommandSet>