<?xml version="1.0" encoding="UTF-8"?>
<?xml-stylesheet type="text/xsl" href="http://lsst-sal.tuc.noao.edu/schema/SALEventSet.xsl"?>
<SALEventSet xmlns:xsi="http://www.w3.org/2001/XMLSchema-instance"
	xsi:noNamespaceSchemaLocation="http://lsst-sal.tuc.noao.edu/schema/SALEventSet.xsd">
<SALEvent>
    <Subsystem>EXA</Subsystem>
    <Version>3.5.1</Version>
    <Author>ccontaxis</Author>
    <EFDB_Topic>EXA_logevent_AppliedSettingsMatchStart</EFDB_Topic>
    <Alias>AppliedSettingsMatchStart</Alias>
    <Explanation>http://sal.lsst.org</Explanation>
    <item>
        <EFDB_Name>appliedSettingsMatchStartIsTrue</EFDB_Name>
        <Description></Description>
        <IDL_Type>boolean</IDL_Type>
        <Units></Units>
        <Count>1</Count>
    </item>
</SALEvent>
<SALEvent>
    <Subsystem>EXA</Subsystem>
    <Version>3.5.1</Version>
    <Author>ccontaxis</Author>
    <EFDB_Topic>EXA_logevent_RejectedCommand</EFDB_Topic>
    <Alias>RejectedCommand</Alias>
    <Explanation>http://sal.lsst.org</Explanation>
    <item>
        <EFDB_Name>commandValue</EFDB_Name>
        <Description></Description>
        <IDL_Type>unsigned short</IDL_Type>
        <Units></Units>
        <Count>1</Count>
    </item>
    <item>
        <EFDB_Name>detailedState</EFDB_Name>
        <Description></Description>
        <IDL_Type>short</IDL_Type>
        <Enumeration>DisabledState,EnabledState,FaultState,OfflineState,StandbyState</Enumeration>
        <Units></Units>
        <Count>1</Count>
    </item>
    <item>
        <EFDB_Name>timestamp</EFDB_Name>
        <Description></Description>
        <IDL_Type>double</IDL_Type>
        <Units></Units>
        <Count>1</Count>
    </item>
</SALEvent>
<SALEvent>
    <Subsystem>EXA</Subsystem>
    <Version>3.5.1</Version>
    <Author>ccontaxis</Author>
    <EFDB_Topic>EXA_logevent_DetailedState</EFDB_Topic>
    <Alias>DetailedState</Alias>
    <Explanation>http://sal.lsst.org</Explanation>
    <item>
        <EFDB_Name>detailedState</EFDB_Name>
        <Description>An enumeration indicating the subsystem detailed state. See the DetailedStateValue enumeration defined in the Typedefs package.</Description>
        <IDL_Type>short</IDL_Type>
        <Enumeration>DisabledState,EnabledState,FaultState,OfflineState,StandbyState</Enumeration>
        <Units></Units>
        <Count>1</Count>
    </item>
</SALEvent>
<SALEvent>
    <Subsystem>EXA</Subsystem>
    <Version>3.5.1</Version>
    <Author>ccontaxis</Author>
    <EFDB_Topic>EXA_logevent_InternalCommand</EFDB_Topic>
    <Alias>InternalCommand</Alias>
    <Explanation>http://sal.lsst.org</Explanation>
    <item>
        <EFDB_Name>CommandObject</EFDB_Name>
        <Description></Description>
        <IDL_Type>byte</IDL_Type>
        <Units></Units>
        <Count>1000</Count>
    </item>
</SALEvent>
<SALEvent>
    <Subsystem>EXA</Subsystem>
    <Version>3.5.1</Version>
    <Author>ccontaxis</Author>
    <EFDB_Topic>EXA_logevent_LoopTimeOutOfRange</EFDB_Topic>
    <Alias>LoopTimeOutOfRange</Alias>
    <Explanation>http://sal.lsst.org</Explanation>
    <item>
        <EFDB_Name>loopTimeOutOfRange</EFDB_Name>
        <Description></Description>
        <IDL_Type>boolean</IDL_Type>
        <Units></Units>
        <Count>1</Count>
    </item>
</SALEvent>
<SALEvent>
    <Subsystem>EXA</Subsystem>
    <Version>3.5.1</Version>
    <Author>ccontaxis</Author>
    <EFDB_Topic>EXA_logevent_SummaryState</EFDB_Topic>
    <Alias>SummaryState</Alias>
    <Explanation>http://sal.lsst.org</Explanation>
    <item>
        <EFDB_Name>summaryState</EFDB_Name>
        <Description>An enumeration indicating the subsystem summary state. See the SummaryStateValue enumeration defined in the Typedefs package.</Description>
        <IDL_Type>short</IDL_Type>
        <Enumeration>OfflineState,StandbyState,DisabledState,EnabledState,FaultState</Enumeration>
        <Units></Units>
        <Count>1</Count>
    </item>
</SALEvent>
<SALEvent>
    <Subsystem>EXA</Subsystem>
    <Version>3.5.1</Version>
    <Author>ccontaxis</Author>
    <EFDB_Topic>EXA_logevent_ErrorCode</EFDB_Topic>
    <Alias>ErrorCode</Alias>
    <Explanation>http://sal.lsst.org</Explanation>
    <item>
        <EFDB_Name>errorCode</EFDB_Name>
        <Description>The error code being published.</Description>
        <IDL_Type>long</IDL_Type>
        <Units></Units>
        <Count>1</Count>
    </item>
</SALEvent>
<SALEvent>
    <Subsystem>EXA</Subsystem>
    <Version>3.5.1</Version>
    <Author>ccontaxis</Author>
    <EFDB_Topic>EXA_logevent_Heartbeat</EFDB_Topic>
    <Alias>Heartbeat</Alias>
    <Explanation>http://sal.lsst.org</Explanation>
    <item>
        <EFDB_Name>heartbeat</EFDB_Name>
        <Description></Description>
        <IDL_Type>boolean</IDL_Type>
        <Units></Units>
        <Count>1</Count>
    </item>
</SALEvent>
<SALEvent>
    <Subsystem>EXA</Subsystem>
    <Version>3.5.1</Version>
    <Author>ccontaxis</Author>
    <EFDB_Topic>EXA_logevent_SettingVersions</EFDB_Topic>
    <Alias>SettingVersions</Alias>
    <Explanation>http://sal.lsst.org</Explanation>
    <item>
        <EFDB_Name>recommendedSettingsLabels</EFDB_Name>
        <Description></Description>
        <IDL_Type>string</IDL_Type>
        <IDL_Size>200</IDL_Size>
        <Units></Units>
        <Count>1</Count>
    </item>
    <item>
        <EFDB_Name>recommendedSettingsVersion</EFDB_Name>
        <Description></Description>
        <IDL_Type>string</IDL_Type>
        <IDL_Size>200</IDL_Size>
        <Units></Units>
        <Count>1</Count>
    </item>
</SALEvent></SALEventSet>